<annotation verified="no">
  <folder>xml</folder>
  <filename>T16L600_W1_GC1_R2_P100_g103_2</filename>
  <path>C:/Users/Administrator/Downloads/xml/xml/T16L600_W1_GC1_R2_P100_g103_2.jpg</path>
  <source>
    <database>Unknown</database>
  </source>
  <size>
    <width>2592</width>
    <height>1944</height>
    <depth>3</depth>
  </size>
  <segmented>0</segmented>
  <object>
    <type>robndbox</type>
    <name>blurry.complete</name>
    <pose>Unspecified</pose>
    <truncated>0</truncated>
    <difficult>0</difficult>
    <robndbox>
      <cx>299.0</cx>
      <cy>366.0</cy>
      <w>212.0</w>
      <h>116.0</h>
      <angle>0.0</angle>
    </robndbox>
  </object>
  <object>
    <type>robndbox</type>
    <name>blurry.complete</name>
    <pose>Unspecified</pose>
    <truncated>0</truncated>
    <difficult>0</difficult>
    <robndbox>
      <cx>769.0</cx>
      <cy>358.0</cy>
      <w>208.0</w>
      <h>104.0</h>
      <angle>0.0</angle>
    </robndbox>
  </object>
  <object>
    <type>robndbox</type>
    <name>blurry.complete</name>
    <pose>Unspecified</pose>
    <truncated>0</truncated>
    <difficult>0</difficult>
    <robndbox>
      <cx>1159.0</cx>
      <cy>356.0</cy>
      <w>224.0</w>
      <h>100.0</h>
      <angle>0.0</angle>
    </robndbox>
  </object>
  <object>
    <type>robndbox</type>
    <name>blurry.complete</name>
    <pose>Unspecified</pose>
    <truncated>0</truncated>
    <difficult>0</difficult>
    <robndbox>
      <cx>1695.0</cx>
      <cy>349.0</cy>
      <w>216.0</w>
      <h>110.0</h>
      <angle>0.0</angle>
    </robndbox>
  </object>
  <object>
    <type>robndbox</type>
    <name>blurry.complete</name>
    <pose>Unspecified</pose>
    <truncated>0</truncated>
    <difficult>0</difficult>
    <robndbox>
      <cx>2119.0</cx>
      <cy>351.0</cy>
      <w>192.0</w>
      <h>90.0</h>
      <angle>0.0</angle>
    </robndbox>
  </object>
  <object>
    <type>robndbox</type>
    <name>blurry.complete</name>
    <pose>Unspecified</pose>
    <truncated>0</truncated>
    <difficult>0</difficult>
    <robndbox>
      <cx>2452.0</cx>
      <cy>366.0</cy>
      <w>198.0</w>
      <h>112.0</h>
      <angle>0.039168</angle>
    </robndbox>
  </object>
  <object>
    <type>robndbox</type>
    <name>incomplete</name>
    <pose>Unspecified</pose>
    <truncated>0</truncated>
    <difficult>0</difficult>
    <robndbox>
      <cx>75.0</cx>
      <cy>1106.0</cy>
      <w>150.0</w>
      <h>112.0</h>
      <angle>0.0</angle>
    </robndbox>
  </object>
  <object>
    <type>robndbox</type>
    <name>complete</name>
    <pose>Unspecified</pose>
    <truncated>0</truncated>
    <difficult>0</difficult>
    <robndbox>
      <cx>631.0</cx>
      <cy>1094.0</cy>
      <w>192.0</w>
      <h>100.0</h>
      <angle>0.0</angle>
    </robndbox>
  </object>
  <object>
    <type>robndbox</type>
    <name>hair</name>
    <pose>Unspecified</pose>
    <truncated>0</truncated>
    <difficult>0</difficult>
    <robndbox>
      <cx>1078.0</cx>
      <cy>1087.0</cy>
      <w>198.0</w>
      <h>106.0</h>
      <angle>0.0</angle>
    </robndbox>
  </object>
  <object>
    <type>robndbox</type>
    <name>complete</name>
    <pose>Unspecified</pose>
    <truncated>0</truncated>
    <difficult>0</difficult>
    <robndbox>
      <cx>1495.0</cx>
      <cy>1090.0</cy>
      <w>204.0</w>
      <h>116.0</h>
      <angle>0.0</angle>
    </robndbox>
  </object>
  <object>
    <type>robndbox</type>
    <name>complete</name>
    <pose>Unspecified</pose>
    <truncated>0</truncated>
    <difficult>0</difficult>
    <robndbox>
      <cx>2112.0</cx>
      <cy>1114.0</cy>
      <w>226.0</w>
      <h>116.0</h>
      <angle>0.0</angle>
    </robndbox>
  </object>
  <object>
    <type>robndbox</type>
    <name>incomplete</name>
    <pose>Unspecified</pose>
    <truncated>0</truncated>
    <difficult>0</difficult>
    <robndbox>
      <cx>2562.0</cx>
      <cy>1123.0</cy>
      <w>58.0</w>
      <h>102.0</h>
      <angle>0.0</angle>
    </robndbox>
  </object>
  <object>
    <type>robndbox</type>
    <name>blurry.complete</name>
    <pose>Unspecified</pose>
    <truncated>0</truncated>
    <difficult>0</difficult>
    <robndbox>
      <cx>460.0</cx>
      <cy>1496.0</cy>
      <w>222.0</w>
      <h>96.0</h>
      <angle>0.0</angle>
    </robndbox>
  </object>
  <object>
    <type>robndbox</type>
    <name>blurry.complete</name>
    <pose>Unspecified</pose>
    <truncated>0</truncated>
    <difficult>0</difficult>
    <robndbox>
      <cx>989.0</cx>
      <cy>1489.0</cy>
      <w>212.0</w>
      <h>98.0</h>
      <angle>0.0</angle>
    </robndbox>
  </object>
  <object>
    <type>robndbox</type>
    <name>blurry.complete</name>
    <pose>Unspecified</pose>
    <truncated>0</truncated>
    <difficult>0</difficult>
    <robndbox>
      <cx>1476.0</cx>
      <cy>1503.0</cy>
      <w>214.0</w>
      <h>106.0</h>
      <angle>0.0</angle>
    </robndbox>
  </object>
  <object>
    <type>robndbox</type>
    <name>blurry.complete</name>
    <pose>Unspecified</pose>
    <truncated>0</truncated>
    <difficult>0</difficult>
    <robndbox>
      <cx>1826.0</cx>
      <cy>1589.0</cy>
      <w>194.0</w>
      <h>118.0</h>
      <angle>0.0</angle>
    </robndbox>
  </object>
  <object>
    <type>robndbox</type>
    <name>blurry.complete</name>
    <pose>Unspecified</pose>
    <truncated>0</truncated>
    <difficult>0</difficult>
    <robndbox>
      <cx>2243.0</cx>
      <cy>1526.0</cy>
      <w>196.0</w>
      <h>104.0</h>
      <angle>0.0</angle>
    </robndbox>
  </object>
  <object>
    <type>robndbox</type>
    <name>hair</name>
    <pose>Unspecified</pose>
    <truncated>0</truncated>
    <difficult>0</difficult>
    <robndbox>
      <cx>1307.3163</cx>
      <cy>300.7041</cy>
      <w>36.3357</w>
      <h>103.4608</h>
      <angle>0.404982</angle>
    </robndbox>
  </object>
  <object>
    <type>robndbox</type>
    <name>hair</name>
    <pose>Unspecified</pose>
    <truncated>0</truncated>
    <difficult>0</difficult>
    <robndbox>
      <cx>1568.0</cx>
      <cy>288.0</cy>
      <w>38.0</w>
      <h>104.0</h>
      <angle>0.787536</angle>
    </robndbox>
  </object>
  <object>
    <type>robndbox</type>
    <name>hair</name>
    <pose>Unspecified</pose>
    <truncated>0</truncated>
    <difficult>0</difficult>
    <robndbox>
      <cx>927.0</cx>
      <cy>1050.0</cy>
      <w>184.0</w>
      <h>60.0</h>
      <angle>0.328286</angle>
    </robndbox>
  </object>
</annotation>
